<keymap version="1" name="macOS copy" parent="Mac OS X 10.5+">
  <action id="ActivateBookmarksToolWindow" />
  <action id="ActivateFindToolWindow" />
  <action id="ActivateREPLToolWindow">
    <keyboard-shortcut first-keystroke="meta 3" />
  </action>
  <action id="ActivateTerminalToolWindow">
    <keyboard-shortcut first-keystroke="alt f12" />
    <keyboard-shortcut first-keystroke="meta 2" />
  </action>
  <action id="DuplicatesForm.SendToRight" />
  <action id="FileChooser.GotoModule" />
  <action id="FileChooser.GotoProject" />
  <action id="GotoBookmark0" />
  <action id="SelectInProjectView">
    <keyboard-shortcut first-keystroke="ctrl 0" />
  </action>
  <action id="ToggleZenMode">
    <keyboard-shortcut first-keystroke="shift alt z" />
  </action>
</keymap>